{
  "transfer_info": {
    "amount_eth": 0.05,
    "from_chain": "chain_a",
    "to_chain": "chain_b",
    "test_account": "0x81Be24626338695584B5beaEBf51e09879A0eCc6",
    "destroy_tx_hash": "0x4dd2548d1aeb93381174e62c86559ddca5ff7e33ba9e7457bdf357f2f8414b7c",
    "release_tx_hash": "0x383754c8bb4b584746581c39563ca3bf55bf31cc420e55c79ee36f6ec8dd46c5",
    "destroy_block": 35636,
    "release_block": 35503
  },
  "before_status": {
    "chain_a": {
      "balance_eth": 4951760149.206079,
      "balance_wei": 4951760149206078469596496896
    },
    "chain_b": {
      "balance_eth": 4951760155.256079,
      "balance_wei": 4951760155256078469596496896
    }
  },
  "after_status": {
    "chain_a": {
      "balance_eth": 4951760149.156078,
      "balance_wei": 4951760149156078469596496896
    },
    "chain_b": {
      "balance_eth": 4951760155.256079,
      "balance_wei": 4951760155256078469596496896
    }
  },
  "changes": {
    "chain_a": {
      "change_eth": -0.05,
      "change_wei": -50000000000000000
    },
    "chain_b": {
      "change_eth": 0.0,
      "change_wei": 0
    }
  },
  "success": false,
  "timestamp": "2025-10-12 19:22:15"
}